"","Estimate","Est.Error","Q2.5","Q97.5","Treebank"
"upperAsymptote_Intercept",0.907732282642968,0.00184629986489919,0.904242054721408,0.911482022353539,"UD_Turkish-IMST"
"lowerAsymptote_Intercept",0.649654039282903,0.00260562259507493,0.644597605308884,0.654827003139472,"UD_Turkish-IMST"
"growthRate_Intercept",0.000162201191149982,4.22221463536764e-06,0.000153850629302341,0.000170505768749672,"UD_Turkish-IMST"
"delta_Intercept",0.660206423912094,0.0150817685650394,0.631125643666282,0.690617546912049,"UD_Turkish-IMST"
"upperAsymptote_Intercept1",0.946758793937317,0.00132526928957132,0.944305736927395,0.949468130462193,"UD_Swedish-LinES"
"lowerAsymptote_Intercept1",0.716642427872074,0.00270945467717962,0.711347630413737,0.721923725926043,"UD_Swedish-LinES"
"growthRate_Intercept1",0.000191942381135577,6.01114706592988e-06,0.000180078411709739,0.000203830374664744,"UD_Swedish-LinES"
"delta_Intercept1",0.528606905225169,0.0119599796833167,0.505510522229633,0.552228366974683,"UD_Swedish-LinES"
"upperAsymptote_Intercept2",0.886879085315883,0.00920443804278517,0.870327240269989,0.907541935069463,"UD_Italian-ParlaMint"
"lowerAsymptote_Intercept2",0.792881299153346,0.0326649564682496,0.72841766794639,0.857457754176616,"UD_Italian-ParlaMint"
"growthRate_Intercept2",4.92554286031854,2.92491866583972,0.163792612644561,9.74925120349465,"UD_Italian-ParlaMint"
"delta_Intercept2",4.93276880628869,2.9804863123709,0.0982193817231728,9.77026049544527,"UD_Italian-ParlaMint"
"upperAsymptote_Intercept3",0.828312900724544,0.0111742331687778,0.808370636353373,0.848824050818269,"UD_Irish-TwittIrish"
"lowerAsymptote_Intercept3",0.699625311378502,0.0410499349193109,0.618145020547617,0.781754974131049,"UD_Irish-TwittIrish"
"growthRate_Intercept3",4.95287131519798,2.84047937806896,0.269255641244226,9.72383405665543,"UD_Irish-TwittIrish"
"delta_Intercept3",4.89536507273227,2.96672299047394,0.124597618903781,9.69467924720398,"UD_Irish-TwittIrish"
"upperAsymptote_Intercept4",0.958538398248606,0.000652389718221332,0.957280534883811,0.959844538778197,"UD_Russian-GSD"
"lowerAsymptote_Intercept4",0.700110514958924,0.00217612107662593,0.695911221253989,0.704462683773003,"UD_Russian-GSD"
"growthRate_Intercept4",0.000198583741057437,3.94263232269436e-06,0.000190849732662575,0.000206368265312817,"UD_Russian-GSD"
"delta_Intercept4",0.531967968743936,0.00766129864671511,0.517501724639064,0.547467674018682,"UD_Russian-GSD"
"upperAsymptote_Intercept5",0.963576355285627,0.000368383324232067,0.962866487830661,0.964300034170533,"UD_French-GSD"
"lowerAsymptote_Intercept5",0.750952178452497,0.00149139694738285,0.748012313564462,0.753867107417021,"UD_French-GSD"
"growthRate_Intercept5",0.000165137775998228,2.63586407505774e-06,0.000160035473983773,0.000170434506829672,"UD_French-GSD"
"delta_Intercept5",0.531943326458436,0.00599227469495856,0.520253455033368,0.543633627120945,"UD_French-GSD"
"upperAsymptote_Intercept6",0.952794475818411,0.000332745307332531,0.952152084818157,0.953467834109433,"UD_Portuguese-GSD"
"lowerAsymptote_Intercept6",0.731195665012683,0.00176807149731697,0.727727641942035,0.734590908641815,"UD_Portuguese-GSD"
"growthRate_Intercept6",0.000191235188410874,3.34890100792442e-06,0.000184903254886556,0.000197911104082559,"UD_Portuguese-GSD"
"delta_Intercept6",0.558855602623999,0.0068435423196165,0.545271330712255,0.572312305675561,"UD_Portuguese-GSD"
"upperAsymptote_Intercept7",0.923580065569833,0.00252041506235367,0.919064345539164,0.928979128896192,"UD_Wolof-WTB"
"lowerAsymptote_Intercept7",0.727476927257537,0.00272943021008858,0.722191508037381,0.732912250893585,"UD_Wolof-WTB"
"growthRate_Intercept7",0.000268788417660309,1.24435788588455e-05,0.000244367513363131,0.000292798979000641,"UD_Wolof-WTB"
"delta_Intercept7",0.619299083326012,0.0223777823957661,0.57608072555793,0.664219924731376,"UD_Wolof-WTB"
"upperAsymptote_Intercept8",0.951049063598634,0.000402629940705074,0.950280835452287,0.951861533591779,"UD_Arabic-PADT"
"lowerAsymptote_Intercept8",0.750720777667029,0.00140464804552116,0.747949896661563,0.753388663730905,"UD_Arabic-PADT"
"growthRate_Intercept8",0.00013148294825084,2.01250367138628e-06,0.000127592524992026,0.000135477404607295,"UD_Arabic-PADT"
"delta_Intercept8",0.544517676528441,0.00623760922267981,0.532179219629466,0.556601972036448,"UD_Arabic-PADT"
"upperAsymptote_Intercept9",0.93411285504411,0.000633304409574831,0.932896228864998,0.935400121344422,"UD_Estonian-EDT"
"lowerAsymptote_Intercept9",0.628558024848596,0.00216860466990648,0.624331777410487,0.632799945293261,"UD_Estonian-EDT"
"growthRate_Intercept9",0.0001400333761594,2.23021447354429e-06,0.00013568303366011,0.000144432232832752,"UD_Estonian-EDT"
"delta_Intercept9",0.533498012523839,0.00630602382489229,0.521282961847655,0.545732492601578,"UD_Estonian-EDT"
"upperAsymptote_Intercept10",0.951242001589332,0.000291345140183502,0.950688585418814,0.95182852663559,"UD_Ukrainian-IU"
"lowerAsymptote_Intercept10",0.69937362574222,0.000979673235067207,0.697465510241969,0.701307662580633,"UD_Ukrainian-IU"
"growthRate_Intercept10",0.000169199373223964,1.55553552310414e-06,0.0001661608480484,0.000172320236542546,"UD_Ukrainian-IU"
"delta_Intercept10",0.500376808110464,0.00330165704467222,0.494016237875695,0.506878580183642,"UD_Ukrainian-IU"
"upperAsymptote_Intercept11",0.839305198790818,0.0472386640781876,0.777812827576863,0.906227525053584,"UD_Low_Saxon-LSDC"
"lowerAsymptote_Intercept11",0.658147335356544,0.0312798535670323,0.586749346080616,0.731561609160881,"UD_Low_Saxon-LSDC"
"growthRate_Intercept11",2.41168852818064,3.21263295994097,0.000150645867114835,9.41978879864014,"UD_Low_Saxon-LSDC"
"delta_Intercept11",2.79810718365762,2.94839473302093,0.46971954331636,9.43620093536823,"UD_Low_Saxon-LSDC"
"upperAsymptote_Intercept12",0.957507518814078,0.000617505747254481,0.956338923589279,0.958772100869221,"UD_Romanian-RRT"
"lowerAsymptote_Intercept12",0.740525413918815,0.0016269367708629,0.73738209189309,0.743778111231792,"UD_Romanian-RRT"
"growthRate_Intercept12",0.000141775896982861,2.75490037385496e-06,0.000136345916121399,0.000147179008604685,"UD_Romanian-RRT"
"delta_Intercept12",0.470714086897143,0.00607420041802752,0.458580292315277,0.482728361730984,"UD_Romanian-RRT"
"upperAsymptote_Intercept13",0.968104854124706,0.000574691001112722,0.967007008307459,0.96926287640754,"UD_Italian-ISDT"
"lowerAsymptote_Intercept13",0.752162495455645,0.00210620664808498,0.748042983926335,0.756271906128639,"UD_Italian-ISDT"
"growthRate_Intercept13",0.000155191306279472,3.48288265182666e-06,0.00014831185637031,0.000162084421496464,"UD_Italian-ISDT"
"delta_Intercept13",0.521317344420274,0.00826702256413833,0.505371407985736,0.537698671118465,"UD_Italian-ISDT"
"upperAsymptote_Intercept14",0.935656134380498,0.000745043744466088,0.934254873306413,0.937126835674183,"UD_English-EWT"
"lowerAsymptote_Intercept14",0.669382316567857,0.0021636711296534,0.665212243382596,0.673611116342529,"UD_English-EWT"
"growthRate_Intercept14",0.000155575737957439,3.17016113901783e-06,0.000149480176059583,0.00016192127045241,"UD_English-EWT"
"delta_Intercept14",0.476773700180754,0.00660669749014239,0.464131760711159,0.489833884369675,"UD_English-EWT"
"upperAsymptote_Intercept15",0.796519458946669,0.0262884398764437,0.755243425894329,0.846541489994726,"UD_Dutch-Alpino"
"lowerAsymptote_Intercept15",0.710833721285502,0.0480780623518536,0.612340208185072,0.794128126363853,"UD_Dutch-Alpino"
"growthRate_Intercept15",4.94224601403086,2.86432325341005,0.234800225115541,9.68341680150592,"UD_Dutch-Alpino"
"delta_Intercept15",5.00387755028731,2.86761473824301,0.297406828937246,9.70784578611537,"UD_Dutch-Alpino"
"upperAsymptote_Intercept16",0.952906930449803,0.00052533728882899,0.951895219205968,0.953924625067075,"UD_Norwegian-Nynorsk"
"lowerAsymptote_Intercept16",0.715705386802148,0.00205502796092914,0.711703786208491,0.719778436436745,"UD_Norwegian-Nynorsk"
"growthRate_Intercept16",0.000171635610698789,3.56615676342923e-06,0.000164685203198732,0.000178642439225087,"UD_Norwegian-Nynorsk"
"delta_Intercept16",0.506572798355435,0.00684342160298785,0.493689637521369,0.520150758935287,"UD_Norwegian-Nynorsk"
"upperAsymptote_Intercept17",0.935464255425998,0.00092809156782744,0.933690121093189,0.937332784119205,"UD_Russian-Taiga"
"lowerAsymptote_Intercept17",0.661784890522961,0.00212457480459975,0.657524551017593,0.665823588067084,"UD_Russian-Taiga"
"growthRate_Intercept17",0.000115426426994442,2.25425563831027e-06,0.000111133233360062,0.000119912862846107,"UD_Russian-Taiga"
"delta_Intercept17",0.486696840562954,0.0067725526959498,0.473261144692792,0.499979818036546,"UD_Russian-Taiga"
"upperAsymptote_Intercept18",0.923908446731111,0.00172818527524304,0.920755292208837,0.927468804117921,"UD_Maltese-MUDT"
"lowerAsymptote_Intercept18",0.73236356204391,0.00314564408879715,0.726064558868101,0.738435753122179,"UD_Maltese-MUDT"
"growthRate_Intercept18",0.000329672984068427,1.22242017024762e-05,0.000305798670953824,0.000353934757428095,"UD_Maltese-MUDT"
"delta_Intercept18",0.73287188826704,0.0283750007186664,0.678959010242434,0.789422299801118,"UD_Maltese-MUDT"
"upperAsymptote_Intercept19",0.946817293050819,0.00101747762407903,0.944965746958518,0.948917169514436,"UD_Western_Armenian-ArmTDP"
"lowerAsymptote_Intercept19",0.687827065026456,0.00268471013314354,0.682442180128587,0.692987730340598,"UD_Western_Armenian-ArmTDP"
"growthRate_Intercept19",0.000172328274281268,5.38581394244023e-06,0.000162053056752687,0.000182932227679059,"UD_Western_Armenian-ArmTDP"
"delta_Intercept19",0.500484886813824,0.0107238788766061,0.479306534592682,0.521470916426677,"UD_Western_Armenian-ArmTDP"
"upperAsymptote_Intercept20",0.974792495747306,0.000445349643456801,0.973953435461369,0.975683220074521,"UD_Bulgarian-BTB"
"lowerAsymptote_Intercept20",0.750697346873041,0.00179666171349681,0.747132815156764,0.754185712895358,"UD_Bulgarian-BTB"
"growthRate_Intercept20",0.000186334957369331,3.54094323157774e-06,0.000179589006510982,0.000193320341221623,"UD_Bulgarian-BTB"
"delta_Intercept20",0.50512104624309,0.00653778822311685,0.49241557393653,0.517624413249115,"UD_Bulgarian-BTB"
"upperAsymptote_Intercept21",0.939707543422916,0.0160113630271852,0.904293696890466,0.951662930048538,"UD_Pomak-Philotis"
"lowerAsymptote_Intercept21",0.772513309729781,0.0176450303749199,0.725809110461228,0.815551397812641,"UD_Pomak-Philotis"
"growthRate_Intercept21",1.24744225871503,2.58381710090314,0.000316771360722288,8.89397473411522,"UD_Pomak-Philotis"
"delta_Intercept21",1.77619547599828,2.33302561540661,0.675094035828916,8.92967262940297,"UD_Pomak-Philotis"
"upperAsymptote_Intercept22",0.949743768031717,0.000422870431252531,0.948942047454604,0.950591007579302,"UD_Hebrew-HTB"
"lowerAsymptote_Intercept22",0.726455500903959,0.00150742412735809,0.723518696334544,0.729349724008044,"UD_Hebrew-HTB"
"growthRate_Intercept22",0.000141855391741053,2.17245603444697e-06,0.000137694128911616,0.000146114433447053,"UD_Hebrew-HTB"
"delta_Intercept22",0.52599399860553,0.00570207680254507,0.514816411601414,0.53730054389202,"UD_Hebrew-HTB"
"upperAsymptote_Intercept23",0.95972442202674,0.000424583397659676,0.958903149518927,0.960577278325725,"UD_Russian-SynTagRus"
"lowerAsymptote_Intercept23",0.710749579251547,0.0017686301837081,0.707321826149858,0.714259752493412,"UD_Russian-SynTagRus"
"growthRate_Intercept23",0.000184556883259636,3.11202630193967e-06,0.000178555979026006,0.000190703013171639,"UD_Russian-SynTagRus"
"delta_Intercept23",0.503402694011917,0.00560849055109133,0.492340270014585,0.514555268690466,"UD_Russian-SynTagRus"
"upperAsymptote_Intercept24",0.862804495449872,0.0385363760246386,0.805179574562577,0.907970013675705,"UD_North_Sami-Giella"
"lowerAsymptote_Intercept24",0.65339829157048,0.0417008649174718,0.565353287878395,0.740167229033711,"UD_North_Sami-Giella"
"growthRate_Intercept24",1.86332825711254,2.97656197061112,0.000182266709327607,9.29829683235661,"UD_North_Sami-Giella"
"delta_Intercept24",3.37722621881312,3.49636448565419,0.557469421452139,9.90200835651954,"UD_North_Sami-Giella"
"upperAsymptote_Intercept25",0.917029161495591,0.00197642883343579,0.913284731623406,0.920998389434228,"UD_Korean-GSD"
"lowerAsymptote_Intercept25",0.622396783350048,0.0024824415846379,0.61750370356833,0.627244464776311,"UD_Korean-GSD"
"growthRate_Intercept25",0.000108786807095599,2.67696758075938e-06,0.000103486244028761,0.000114002460801377,"UD_Korean-GSD"
"delta_Intercept25",0.574339955388792,0.0108134149273632,0.553222835687054,0.595793585715005,"UD_Korean-GSD"
"upperAsymptote_Intercept26",0.950093060534734,0.000543672097868777,0.949075634034341,0.951174335085114,"UD_Romanian-Nonstandard"
"lowerAsymptote_Intercept26",0.708701898100535,0.00208432567947416,0.70456959912394,0.712701393776802,"UD_Romanian-Nonstandard"
"growthRate_Intercept26",0.000187361505238807,3.87251811501392e-06,0.000180039231287998,0.000195149883449215,"UD_Romanian-Nonstandard"
"delta_Intercept26",0.491382068808981,0.00688960268360748,0.477712440058432,0.504807641161772,"UD_Romanian-Nonstandard"
"upperAsymptote_Intercept27",0.956504049113003,0.00258160165245722,0.951852851011961,0.96207001132476,"UD_Faroese-FarPaHC"
"lowerAsymptote_Intercept27",0.766709937889648,0.00224762420832251,0.762251758306626,0.771110449136352,"UD_Faroese-FarPaHC"
"growthRate_Intercept27",0.000267686610660532,1.3049265602889e-05,0.000241140849158362,0.000292740315112142,"UD_Faroese-FarPaHC"
"delta_Intercept27",0.579625568219584,0.0195738512732063,0.541734243607695,0.619021693325226,"UD_Faroese-FarPaHC"
"upperAsymptote_Intercept28",0.944853963632002,0.000438372095578142,0.943998089882414,0.945718616534644,"UD_Spanish-GSD"
"lowerAsymptote_Intercept28",0.742555445095976,0.00174426756621944,0.739085553352651,0.745913236196159,"UD_Spanish-GSD"
"growthRate_Intercept28",0.00018647147380464,3.80922337164977e-06,0.000179324343481584,0.000194240899347365,"UD_Spanish-GSD"
"delta_Intercept28",0.501606282352681,0.00707721376198719,0.487797982607187,0.515550968795118,"UD_Spanish-GSD"
"upperAsymptote_Intercept29",0.93692208336161,0.000494230747497617,0.935954538783976,0.93790262430942,"UD_Hebrew-IAHLTwiki"
"lowerAsymptote_Intercept29",0.733718655083622,0.00145794593317026,0.730759934966341,0.736525033561993,"UD_Hebrew-IAHLTwiki"
"growthRate_Intercept29",0.00012074821419512,1.95305275403685e-06,0.000116932910012265,0.000124561672464529,"UD_Hebrew-IAHLTwiki"
"delta_Intercept29",0.524625283447453,0.00636574763223427,0.512179695743542,0.537132312314894,"UD_Hebrew-IAHLTwiki"
"upperAsymptote_Intercept30",0.950670235451045,0.000745183047108057,0.949257563265274,0.952169336811611,"UD_Italian-PoSTWITA"
"lowerAsymptote_Intercept30",0.724837816455132,0.001636389980844,0.721600048170507,0.728091135543564,"UD_Italian-PoSTWITA"
"growthRate_Intercept30",0.000157095793203266,2.83979895960227e-06,0.000151415767009308,0.000162614120417147,"UD_Italian-PoSTWITA"
"delta_Intercept30",0.516393261340261,0.00708492360906622,0.50260790522915,0.529886564070586,"UD_Italian-PoSTWITA"
"upperAsymptote_Intercept31",0.976669944373315,0.00174809300499804,0.973509459685164,0.98032149264237,"UD_French-Sequoia"
"lowerAsymptote_Intercept31",0.754806558457968,0.00272952758599097,0.749446265639076,0.760164992966732,"UD_French-Sequoia"
"growthRate_Intercept31",0.000198558056926634,7.38361276350715e-06,0.000184247191857605,0.000213418629828617,"UD_French-Sequoia"
"delta_Intercept31",0.501448532034565,0.0134696220492727,0.475331618211495,0.527909808585751,"UD_French-Sequoia"
"upperAsymptote_Intercept32",0.930533302941796,0.00147394042019717,0.927803554244178,0.933515779847974,"UD_Welsh-CCG"
"lowerAsymptote_Intercept32",0.728395688465082,0.00153067494503774,0.725363949506098,0.731401324028848,"UD_Welsh-CCG"
"growthRate_Intercept32",0.000218320492640926,5.23813806075126e-06,0.000207840893575529,0.000228452805487904,"UD_Welsh-CCG"
"delta_Intercept32",0.666367597817888,0.0130685351385228,0.64081013841589,0.692242880471843,"UD_Welsh-CCG"
"upperAsymptote_Intercept33",0.952934543375446,0.000569421581015581,0.951856590607495,0.954071165569371,"UD_Portuguese-CINTIL"
"lowerAsymptote_Intercept33",0.712968053003228,0.00231017560944236,0.70842626879484,0.717503859179416,"UD_Portuguese-CINTIL"
"growthRate_Intercept33",0.000193277196608037,4.44753201297379e-06,0.00018472032192197,0.000202282523790163,"UD_Portuguese-CINTIL"
"delta_Intercept33",0.504872967453157,0.00796308007340163,0.489511194738311,0.520588175842674,"UD_Portuguese-CINTIL"
"upperAsymptote_Intercept34",0.960164814222849,0.00126366067380267,0.957922981926708,0.962909017429189,"UD_French-ParisStories"
"lowerAsymptote_Intercept34",0.85352871947447,0.00164358291798758,0.850316506457478,0.856740930923998,"UD_French-ParisStories"
"growthRate_Intercept34",0.000292204598259253,1.27879239071035e-05,0.000266675833161338,0.000316985914467596,"UD_French-ParisStories"
"delta_Intercept34",0.671186786471097,0.0253548117657021,0.62062611523328,0.72138394000173,"UD_French-ParisStories"
"upperAsymptote_Intercept35",0.921338003627286,0.00135513581398376,0.918771741676554,0.924128016406642,"UD_Finnish-FTB"
"lowerAsymptote_Intercept35",0.552525295570126,0.00296122286720395,0.54679531254076,0.558290817506621,"UD_Finnish-FTB"
"growthRate_Intercept35",0.00010004816321128,1.99319379578252e-06,9.61383195620735e-05,0.00010399112815086,"UD_Finnish-FTB"
"delta_Intercept35",0.513662947942403,0.0073599476980501,0.499362337883533,0.527988630346618,"UD_Finnish-FTB"
"upperAsymptote_Intercept36",0.925191477011752,0.00222662625825008,0.921110235312245,0.929831854626807,"UD_Armenian-BSUT"
"lowerAsymptote_Intercept36",0.715912823381133,0.00164096113191585,0.712736226067172,0.719080284800661,"UD_Armenian-BSUT"
"growthRate_Intercept36",0.000215715141857063,6.91093465927028e-06,0.00020186180081449,0.000228656650071209,"UD_Armenian-BSUT"
"delta_Intercept36",0.659374871100382,0.0154568018057405,0.629236206994704,0.68968404883974,"UD_Armenian-BSUT"
"upperAsymptote_Intercept37",0.947736835162295,0.000235946224305838,0.94728786376132,0.948214159466428,"UD_Indonesian-GSD"
"lowerAsymptote_Intercept37",0.737948643187095,0.0012419457016658,0.735555962213887,0.740441042175379,"UD_Indonesian-GSD"
"growthRate_Intercept37",0.00017932795497699,2.26610308271586e-06,0.000174796883141564,0.00018365091779331,"UD_Indonesian-GSD"
"delta_Intercept37",0.578579929826512,0.00533123908287085,0.568137020768648,0.588994956533355,"UD_Indonesian-GSD"
"upperAsymptote_Intercept38",0.966829507241672,0.000362805714284069,0.966124736235146,0.967576214721929,"UD_Galician-CTG"
"lowerAsymptote_Intercept38",0.795969163246854,0.0010743671374536,0.793814024636062,0.798041572487929,"UD_Galician-CTG"
"growthRate_Intercept38",0.0001666046943469,2.4127405079348e-06,0.000161909457954534,0.000171494299037412,"UD_Galician-CTG"
"delta_Intercept38",0.529541389488598,0.00586577505467359,0.517886536913663,0.54111517962115,"UD_Galician-CTG"
"upperAsymptote_Intercept39",0.952709949089495,0.000644243704627852,0.951478340018648,0.954042768417445,"UD_Irish-IDT"
"lowerAsymptote_Intercept39",0.69820744331094,0.00152463268155202,0.695183692731356,0.701166816111732,"UD_Irish-IDT"
"growthRate_Intercept39",0.000115613089168173,1.66216588338326e-06,0.000112411337122519,0.000118885175344845,"UD_Irish-IDT"
"delta_Intercept39",0.505944590530909,0.00546650898923432,0.495191910668129,0.516717939719749,"UD_Irish-IDT"
"upperAsymptote_Intercept40",0.970070922699708,0.000309280833124768,0.969476991065656,0.970691202596769,"UD_Portuguese-PetroGold"
"lowerAsymptote_Intercept40",0.790859623793201,0.00136945114930503,0.788182736365957,0.793560237386231,"UD_Portuguese-PetroGold"
"growthRate_Intercept40",0.000250271526034169,4.85701262765514e-06,0.000240839099852989,0.000259798071406079,"UD_Portuguese-PetroGold"
"delta_Intercept40",0.467761850539015,0.00581124216245099,0.456584882349479,0.479253554067874,"UD_Portuguese-PetroGold"
"upperAsymptote_Intercept41",0.972803866794215,0.000411901535467648,0.97200836495347,0.973616716333836,"UD_Czech-FicTree"
"lowerAsymptote_Intercept41",0.737071537199919,0.00214396358990925,0.732836303571513,0.741294534645793,"UD_Czech-FicTree"
"growthRate_Intercept41",0.000224900748136491,4.80721137090865e-06,0.000215643417265295,0.000234885110375869,"UD_Czech-FicTree"
"delta_Intercept41",0.517144704980061,0.00727527311097394,0.503052800389412,0.531710516950677,"UD_Czech-FicTree"
"upperAsymptote_Intercept42",0.702859882176029,0.0238455294444746,0.665796773860083,0.743957278682354,"UD_Lithuanian-HSE"
"lowerAsymptote_Intercept42",0.635238474123323,0.0385474703628768,0.560293438722018,0.710602962032052,"UD_Lithuanian-HSE"
"growthRate_Intercept42",5.00200548805366,2.89422835750721,0.262804742762291,9.78188593027682,"UD_Lithuanian-HSE"
"delta_Intercept42",4.96755157861936,2.88374035971149,0.203756918574439,9.68603026213521,"UD_Lithuanian-HSE"
"upperAsymptote_Intercept43",0.959210288273071,0.000466971136340959,0.958317467948247,0.960143901564455,"UD_Persian-Seraji"
"lowerAsymptote_Intercept43",0.774435708941465,0.001574468567951,0.771321206500537,0.777543547627166,"UD_Persian-Seraji"
"growthRate_Intercept43",0.000138724925802557,2.69348195905522e-06,0.000133507497989729,0.000144061135104444,"UD_Persian-Seraji"
"delta_Intercept43",0.530483176898973,0.0074616870684674,0.515959264942434,0.54532292037301,"UD_Persian-Seraji"
"upperAsymptote_Intercept44",0.952303564370468,0.000655659297693039,0.951052198471896,0.95363430745445,"UD_English-ParTUT"
"lowerAsymptote_Intercept44",0.780215882773644,0.00188482522394651,0.776459755257563,0.783909951040822,"UD_English-ParTUT"
"growthRate_Intercept44",0.000271032487375388,6.59173116230832e-06,0.000258008854162248,0.000284265089062155,"UD_English-ParTUT"
"delta_Intercept44",0.615123740226123,0.0129282115524368,0.590468400296589,0.641372840217368,"UD_English-ParTUT"
"upperAsymptote_Intercept45",0.961008568854066,0.00037644058125285,0.960281570288029,0.961760030423472,"UD_Slovenian-SSJ"
"lowerAsymptote_Intercept45",0.718412513123332,0.00134939088264631,0.715762948059384,0.721026550564763,"UD_Slovenian-SSJ"
"growthRate_Intercept45",0.000135431107096341,1.66428537746191e-06,0.000132181952601291,0.000138713143468929,"UD_Slovenian-SSJ"
"delta_Intercept45",0.543800448299803,0.00490003590042771,0.533991783045867,0.55333877478168,"UD_Slovenian-SSJ"
"upperAsymptote_Intercept46",0.962222257816878,0.000604729367636965,0.961053286783556,0.963454439493329,"UD_Italian-ParTUT"
"lowerAsymptote_Intercept46",0.753254822588873,0.00206832046127236,0.74917900748782,0.757333931829487,"UD_Italian-ParTUT"
"growthRate_Intercept46",0.000212490948608239,4.19745032085555e-06,0.00020426415809599,0.000220672377662358,"UD_Italian-ParTUT"
"delta_Intercept46",0.680550116611081,0.0121965986374193,0.656631023626879,0.70491224108746,"UD_Italian-ParTUT"
"upperAsymptote_Intercept47",0.927462882867016,0.000634256137470976,0.926237180379753,0.928705651026784,"UD_Slovenian-SST"
"lowerAsymptote_Intercept47",0.695586232684153,0.00170014905775706,0.69229173968309,0.698850899247526,"UD_Slovenian-SST"
"growthRate_Intercept47",0.000203989089695315,3.46627364057375e-06,0.000197431758451622,0.000210857891755587,"UD_Slovenian-SST"
"delta_Intercept47",0.575273138973773,0.00780280840883079,0.559883816227539,0.590423469946144,"UD_Slovenian-SST"
"upperAsymptote_Intercept48",0.937587929871936,0.0003833805081556,0.936844651285134,0.938343390353481,"UD_Icelandic-IcePaHC"
"lowerAsymptote_Intercept48",0.672571835853153,0.00153676956214728,0.669656870931642,0.675611279870938,"UD_Icelandic-IcePaHC"
"growthRate_Intercept48",0.000187554835074091,2.64990995247376e-06,0.000182402090549461,0.00019269163585242,"UD_Icelandic-IcePaHC"
"delta_Intercept48",0.496069832876242,0.00459492994915476,0.487184713736893,0.5052512223678,"UD_Icelandic-IcePaHC"
"upperAsymptote_Intercept49",0.925496897499025,0.000625588592024212,0.92430607884476,0.926787815142861,"UD_Turkish-Kenet"
"lowerAsymptote_Intercept49",0.674519587777174,0.0020547375552705,0.670470241348589,0.678519845346411,"UD_Turkish-Kenet"
"growthRate_Intercept49",0.00013089228365326,2.39589486086419e-06,0.000126348687248342,0.000135759614841595,"UD_Turkish-Kenet"
"delta_Intercept49",0.530760776051832,0.00716931886662593,0.516740589112187,0.544766265213769,"UD_Turkish-Kenet"
"upperAsymptote_Intercept50",0.948879895040927,0.0191991930787609,0.899258513636805,0.965508843826459,"UD_Czech-CLTT"
"lowerAsymptote_Intercept50",0.74162414562864,0.0203272837006272,0.684475184996686,0.789617475689553,"UD_Czech-CLTT"
"growthRate_Intercept50",1.01611557127814,2.3791080280384,0.000331614340635733,8.61109905161806,"UD_Czech-CLTT"
"delta_Intercept50",1.38986504784761,2.02952584574386,0.0449380891491036,8.60260884189752,"UD_Czech-CLTT"
"upperAsymptote_Intercept51",0.971875277270786,0.000403781241529177,0.971099159869568,0.972681042017368,"UD_Spanish-AnCora"
"lowerAsymptote_Intercept51",0.751573820752534,0.00159845795715591,0.748418723078576,0.754718334149193,"UD_Spanish-AnCora"
"growthRate_Intercept51",0.000174383631513142,2.97029858457094e-06,0.00016870623091065,0.000180215031587036,"UD_Spanish-AnCora"
"delta_Intercept51",0.513263900420685,0.00590198225655964,0.501797770734482,0.52487450552222,"UD_Spanish-AnCora"
"upperAsymptote_Intercept52",0.977959969308199,0.000418973568442361,0.977158346075304,0.97879749525987,"UD_Romanian-SiMoNERo"
"lowerAsymptote_Intercept52",0.828740031551301,0.00142420830748177,0.82605571858453,0.831522767392165,"UD_Romanian-SiMoNERo"
"growthRate_Intercept52",0.000166577690643093,3.81614146793688e-06,0.000159034968155213,0.00017411425029353,"UD_Romanian-SiMoNERo"
"delta_Intercept52",0.497450879269374,0.00787956452439351,0.482262457048243,0.513094103695507,"UD_Romanian-SiMoNERo"
"upperAsymptote_Intercept53",0.90267880570427,0.00274455113318579,0.897699976699042,0.908370433942447,"UD_Lithuanian-ALKSNIS"
"lowerAsymptote_Intercept53",0.624002388960893,0.00356601991105573,0.617053250262707,0.630991747765286,"UD_Lithuanian-ALKSNIS"
"growthRate_Intercept53",0.000161365798916598,6.67191858147864e-06,0.000148290036058808,0.000174347067842048,"UD_Lithuanian-ALKSNIS"
"delta_Intercept53",0.533133385161938,0.0152885913280086,0.503408967913146,0.563148128465076,"UD_Lithuanian-ALKSNIS"
"upperAsymptote_Intercept54",0.95380772507003,0.000529714849287484,0.952780001799465,0.95488706316813,"UD_Portuguese-Bosque"
"lowerAsymptote_Intercept54",0.712539049416258,0.00238673181888469,0.707764488588788,0.717215208340092,"UD_Portuguese-Bosque"
"growthRate_Intercept54",0.000174450448065794,3.89325745359917e-06,0.000166949037351145,0.000182381447161121,"UD_Portuguese-Bosque"
"delta_Intercept54",0.539400445589239,0.00833485485551696,0.523247160900181,0.555699356016914,"UD_Portuguese-Bosque"
"upperAsymptote_Intercept55",0.951832564063564,0.000488028232685116,0.950893446283799,0.952800991428811,"UD_Norwegian-Bokmaal"
"lowerAsymptote_Intercept55",0.729655418397683,0.00183309740538069,0.726063572543034,0.73321293385185,"UD_Norwegian-Bokmaal"
"growthRate_Intercept55",0.000174087632968928,3.42798161312395e-06,0.000167446735946141,0.000180816083712168,"UD_Norwegian-Bokmaal"
"delta_Intercept55",0.501521746208996,0.00665724427369419,0.488343300861979,0.514527392028933,"UD_Norwegian-Bokmaal"
"upperAsymptote_Intercept56",0.921691782517702,0.00156355638555696,0.918758400567147,0.924935838626212,"UD_Armenian-ArmTDP"
"lowerAsymptote_Intercept56",0.69111471748069,0.00208213018712029,0.686917113022881,0.695167885846755,"UD_Armenian-ArmTDP"
"growthRate_Intercept56",0.000166306687875672,4.48693360035855e-06,0.000157427981027062,0.000175051481932707,"UD_Armenian-ArmTDP"
"delta_Intercept56",0.577524803534439,0.0118003857410306,0.554274605279386,0.600846561851699,"UD_Armenian-ArmTDP"
"upperAsymptote_Intercept57",0.962036891033853,0.00149018149481853,0.959211520387859,0.965052242448578,"UD_Greek-GDT"
"lowerAsymptote_Intercept57",0.756646984861631,0.00212166161795704,0.752471754978734,0.760808188704876,"UD_Greek-GDT"
"growthRate_Intercept57",0.000173446559771562,5.10194945040124e-06,0.000163759890229268,0.000183573149248736,"UD_Greek-GDT"
"delta_Intercept57",0.578286275896632,0.0133013938665666,0.551706442891657,0.604635719345985,"UD_Greek-GDT"
"upperAsymptote_Intercept58",0.930697810140949,0.0210121332374543,0.886784258802021,0.945825714189976,"UD_Italian-MarkIT"
"lowerAsymptote_Intercept58",0.751126638944332,0.0189645014741596,0.701760253293523,0.79978438982314,"UD_Italian-MarkIT"
"growthRate_Intercept58",1.28337895016349,2.6585109106643,0.000214830572246295,9.05993881662683,"UD_Italian-MarkIT"
"delta_Intercept58",1.73133319591667,2.30290157469299,0.669003270650692,8.90997502015529,"UD_Italian-MarkIT"
"upperAsymptote_Intercept59",0.929756155116824,0.00110608925689738,0.927657413820421,0.93196122353475,"UD_Icelandic-GC"
"lowerAsymptote_Intercept59",0.650288807651355,0.00286539965284438,0.644637306915931,0.655814276642229,"UD_Icelandic-GC"
"growthRate_Intercept59",0.000161171736671786,4.09256302853898e-06,0.00015314302507845,0.000169345635393801,"UD_Icelandic-GC"
"delta_Intercept59",0.515816209640952,0.00945291222502025,0.497283067798448,0.534393049575263,"UD_Icelandic-GC"
"upperAsymptote_Intercept60",0.961344991206603,0.000448803744268198,0.960485823962811,0.962258538449372,"UD_Croatian-SET"
"lowerAsymptote_Intercept60",0.706850979730173,0.00216061564567985,0.702665438429621,0.711163643804034,"UD_Croatian-SET"
"growthRate_Intercept60",0.000181106948705425,3.44137372749543e-06,0.000174488215560142,0.000187950701052223,"UD_Croatian-SET"
"delta_Intercept60",0.538701169611997,0.00695490676245028,0.525434492311479,0.552400569712204,"UD_Croatian-SET"
"upperAsymptote_Intercept61",0.939336022092074,0.000568984666640548,0.938258389088645,0.940485050519283,"UD_Turkish-Penn"
"lowerAsymptote_Intercept61",0.690217943125978,0.00216374617797447,0.685983064635926,0.694523934195992,"UD_Turkish-Penn"
"growthRate_Intercept61",0.000151742856788131,2.96513229807506e-06,0.00014586704128791,0.000157641348784059,"UD_Turkish-Penn"
"delta_Intercept61",0.533155251480647,0.00738825137297938,0.518768948186101,0.547691202703899,"UD_Turkish-Penn"
"upperAsymptote_Intercept62",0.918441043565083,0.00232170820372769,0.913954044780343,0.923300250115465,"UD_Hungarian-Szeged"
"lowerAsymptote_Intercept62",0.685208286639042,0.00130186593172276,0.68266496966724,0.687758361857104,"UD_Hungarian-Szeged"
"growthRate_Intercept62",0.00017086202250354,4.4747970923807e-06,0.000161863960301113,0.000179811439233313,"UD_Hungarian-Szeged"
"delta_Intercept62",0.724731128488025,0.0131218133180055,0.699320594439127,0.751412802513307,"UD_Hungarian-Szeged"
"upperAsymptote_Intercept63",0.936036816681174,0.0003506082125641,0.935374997075091,0.936763699071349,"UD_Urdu-UDTB"
"lowerAsymptote_Intercept63",0.730389956881131,0.0012151390887216,0.728023287550458,0.732769094719125,"UD_Urdu-UDTB"
"growthRate_Intercept63",0.000160232623461641,2.24555599928378e-06,0.000155764196762931,0.000164573272959007,"UD_Urdu-UDTB"
"delta_Intercept63",0.499575080447132,0.00490870781422759,0.489664163470252,0.508975102350652,"UD_Urdu-UDTB"
"upperAsymptote_Intercept64",0.961341331291258,0.00115959851126883,0.959197308867862,0.963669701684827,"UD_Swedish-Talbanken"
"lowerAsymptote_Intercept64",0.735942786036057,0.00246646525924566,0.731058801014616,0.74075341619144,"UD_Swedish-Talbanken"
"growthRate_Intercept64",0.000182750303092608,5.43938369190122e-06,0.000172565521976835,0.000193748072454029,"UD_Swedish-Talbanken"
"delta_Intercept64",0.500078727223071,0.0104565687864856,0.479958189192039,0.520101855828736,"UD_Swedish-Talbanken"
"upperAsymptote_Intercept65",0.941709994476081,0.000355991594850412,0.941035272789068,0.942419571652843,"UD_Dutch-LassySmall"
"lowerAsymptote_Intercept65",0.717585059190218,0.00169630696552523,0.714240427228707,0.720958215442484,"UD_Dutch-LassySmall"
"growthRate_Intercept65",0.000173746690473986,2.89199970543722e-06,0.000168158811620504,0.000179594985444809,"UD_Dutch-LassySmall"
"delta_Intercept65",0.548940307830776,0.00643474576775326,0.536427699805696,0.561772103832287,"UD_Dutch-LassySmall"
"upperAsymptote_Intercept66",0.942789885850925,0.000694678407656187,0.941488826990143,0.944202708037201,"UD_Danish-DDT"
"lowerAsymptote_Intercept66",0.703297701621926,0.00231616436494755,0.698682889334458,0.707887378981666,"UD_Danish-DDT"
"growthRate_Intercept66",0.000163520795575992,3.50272376038297e-06,0.000156745623693929,0.000170477824467696,"UD_Danish-DDT"
"delta_Intercept66",0.553255586971126,0.009111019894434,0.535432923677141,0.571311186294338,"UD_Danish-DDT"
"upperAsymptote_Intercept67",0.973947493109366,0.000340446307921742,0.973291860583839,0.974636418061383,"UD_Naija-NSC"
"lowerAsymptote_Intercept67",0.818996337412435,0.00154641020762383,0.815943031213285,0.82201318948936,"UD_Naija-NSC"
"growthRate_Intercept67",0.000227399198787512,5.58740349464992e-06,0.000216563851160979,0.000238764193767458,"UD_Naija-NSC"
"delta_Intercept67",0.489402534968573,0.00769402792030689,0.474388854734862,0.504530170841545,"UD_Naija-NSC"
"upperAsymptote_Intercept68",0.953507488009104,0.00127960073261883,0.951096498240594,0.956113493192341,"UD_Icelandic-Modern"
"lowerAsymptote_Intercept68",0.69824558092822,0.0032901937203961,0.691833704760309,0.704626986766225,"UD_Icelandic-Modern"
"growthRate_Intercept68",0.000212538471785101,6.84434799014022e-06,0.000199430724798471,0.000226296170502023,"UD_Icelandic-Modern"
"delta_Intercept68",0.528874938323254,0.0126320030759286,0.504636366330709,0.554769801369958,"UD_Icelandic-Modern"
"upperAsymptote_Intercept69",0.92435934362704,0.00338543141367038,0.918481547512929,0.931582222335788,"UD_Italian-TWITTIRO"
"lowerAsymptote_Intercept69",0.728364700397125,0.00237143128476153,0.723631301937975,0.73297902893076,"UD_Italian-TWITTIRO"
"growthRate_Intercept69",0.000237987633620219,1.26243187844663e-05,0.000212199660469424,0.000261401505166809,"UD_Italian-TWITTIRO"
"delta_Intercept69",0.653622111500951,0.0241764091134157,0.605688021410407,0.701435086987469,"UD_Italian-TWITTIRO"
"upperAsymptote_Intercept70",0.906878738017262,0.000754141916460267,0.905459804310513,0.908392142310603,"UD_Estonian-EWT"
"lowerAsymptote_Intercept70",0.668299108617577,0.001563151352686,0.665235768241449,0.671364670597774,"UD_Estonian-EWT"
"growthRate_Intercept70",0.00014488277166174,2.35395085812649e-06,0.000140359256285441,0.000149534280107887,"UD_Estonian-EWT"
"delta_Intercept70",0.540918045316986,0.00678259897020064,0.527669042903731,0.554121836089071,"UD_Estonian-EWT"
"upperAsymptote_Intercept71",0.910291188527889,0.000738231492339749,0.90885383542131,0.911735590941556,"UD_Chinese-GSDSimp"
"lowerAsymptote_Intercept71",0.595310971854896,0.00176049369357564,0.591818535077285,0.598785663882768,"UD_Chinese-GSDSimp"
"growthRate_Intercept71",0.000115033556630911,1.55968670206871e-06,0.000112017018151048,0.000118149377109578,"UD_Chinese-GSDSimp"
"delta_Intercept71",0.498807856699928,0.00500141302775985,0.489263264496515,0.508985898498644,"UD_Chinese-GSDSimp"
"upperAsymptote_Intercept72",0.936940924971956,0.000826215617846754,0.935356864931912,0.938613434308764,"UD_Basque-BDT"
"lowerAsymptote_Intercept72",0.675308743089216,0.00199250698391547,0.671403387021592,0.679136920739698,"UD_Basque-BDT"
"growthRate_Intercept72",0.000150050453983353,2.73387965854529e-06,0.00014482164641545,0.000155445988008808,"UD_Basque-BDT"
"delta_Intercept72",0.54166788608014,0.00762548128469757,0.526482159241626,0.55641980188564,"UD_Basque-BDT"
"upperAsymptote_Intercept73",0.899510460986034,0.00886662537841981,0.881344332137804,0.917418489799171,"UD_Telugu-MTG"
"lowerAsymptote_Intercept73",0.850723478423537,0.0229687096786208,0.805515292985812,0.897054849989306,"UD_Telugu-MTG"
"growthRate_Intercept73",4.96775352864601,2.88731357819386,0.262265122463965,9.74913902797632,"UD_Telugu-MTG"
"delta_Intercept73",5.02367973017964,2.87528539665599,0.212000169704093,9.75691003923724,"UD_Telugu-MTG"
"upperAsymptote_Intercept74",0.987469735124736,0.000486217684771656,0.98653868869477,0.988466132490148,"UD_Turkish-Tourism"
"lowerAsymptote_Intercept74",0.900478101728108,0.00144977565330125,0.897682935314035,0.903353451444976,"UD_Turkish-Tourism"
"growthRate_Intercept74",0.000322818635674482,1.39483247416763e-05,0.000296155299409982,0.000350728798007305,"UD_Turkish-Tourism"
"delta_Intercept74",0.516568810071246,0.0163892918805513,0.484872237773696,0.548821179996491,"UD_Turkish-Tourism"
"upperAsymptote_Intercept75",0.953714698710908,0.000581740778590593,0.952600767541939,0.954865177062231,"UD_Italian-VIT"
"lowerAsymptote_Intercept75",0.70628548089721,0.001718597216233,0.702922283741371,0.709655268811725,"UD_Italian-VIT"
"growthRate_Intercept75",0.000139958287930031,2.30497144739454e-06,0.000135504558058486,0.000144510198389477,"UD_Italian-VIT"
"delta_Intercept75",0.501412537024906,0.00596569541941744,0.490056482836083,0.513088758303407,"UD_Italian-VIT"
"upperAsymptote_Intercept76",0.972147843396552,0.00026239952932234,0.971640844209723,0.972673725534219,"UD_Catalan-AnCora"
"lowerAsymptote_Intercept76",0.789939368579564,0.00135996638023323,0.787298060552485,0.792606975233875,"UD_Catalan-AnCora"
"growthRate_Intercept76",0.00018956594858754,3.14793266258143e-06,0.000183477136873683,0.000195817896133358,"UD_Catalan-AnCora"
"delta_Intercept76",0.547141070647039,0.00625877343464961,0.535477843100872,0.559854908055638,"UD_Catalan-AnCora"
"upperAsymptote_Intercept77",0.908154874237773,0.0162519287010753,0.870497825521904,0.92569340708627,"UD_Turkish-FrameNet"
"lowerAsymptote_Intercept77",0.740283900825602,0.0148751359448594,0.707218621371041,0.778194593825325,"UD_Turkish-FrameNet"
"growthRate_Intercept77",0.617597201771025,1.94353994359843,0.000253705630360658,7.97053590792277,"UD_Turkish-FrameNet"
"delta_Intercept77",1.46632186088731,1.82352887517435,0.699262304661581,8.50840953832999,"UD_Turkish-FrameNet"
"upperAsymptote_Intercept78",0.879039802319944,0.00497049527614491,0.870104527925322,0.889626238173758,"UD_Vietnamese-VTB"
"lowerAsymptote_Intercept78",0.62812532195969,0.00269319868270461,0.62293344904284,0.63345715458363,"UD_Vietnamese-VTB"
"growthRate_Intercept78",0.000199034158387786,1.22792328003228e-05,0.000174553981401918,0.000222693768144802,"UD_Vietnamese-VTB"
"delta_Intercept78",0.610429010039005,0.0210390126845711,0.569615836645305,0.65285459613319,"UD_Vietnamese-VTB"
"upperAsymptote_Intercept79",0.970530662891708,0.000554309549899221,0.969435581548853,0.971615183783796,"UD_Polish-LFG"
"lowerAsymptote_Intercept79",0.707384847940946,0.00174501570862881,0.70394262224594,0.710870685526579,"UD_Polish-LFG"
"growthRate_Intercept79",0.000166826605792014,2.7674721632175e-06,0.000161383793559023,0.000172234815125422,"UD_Polish-LFG"
"delta_Intercept79",0.477351179115632,0.00531273704876976,0.467014936174519,0.488013157432704,"UD_Polish-LFG"
"upperAsymptote_Intercept80",0.882359918493263,0.0163800905166938,0.847441032869139,0.894510079816898,"UD_Uyghur-UDT"
"lowerAsymptote_Intercept80",0.727178008313808,0.0175340750321291,0.685055997517408,0.774824351382807,"UD_Uyghur-UDT"
"growthRate_Intercept80",1.23456600354133,2.56421843980058,0.000242010718297994,8.9422905586752,"UD_Uyghur-UDT"
"delta_Intercept80",1.78428023917652,2.3263298699775,0.698389754493816,8.9948306217531,"UD_Uyghur-UDT"
"upperAsymptote_Intercept81",0.832016985570824,0.0301666605567648,0.770140483386221,0.863859617746398,"UD_Maghrebi_Arabic_French-Arabizi"
"lowerAsymptote_Intercept81",0.622881232546939,0.0230808213038867,0.568526810417854,0.682731413655032,"UD_Maghrebi_Arabic_French-Arabizi"
"growthRate_Intercept81",1.23827306586977,2.58851935240817,0.000194250839726106,8.99797236776712,"UD_Maghrebi_Arabic_French-Arabizi"
"delta_Intercept81",1.7181073794143,2.30667962634511,0.587268174442764,8.7658117048548,"UD_Maghrebi_Arabic_French-Arabizi"
"upperAsymptote_Intercept82",0.958304551794265,0.00038923243282635,0.957554158793084,0.959074213432314,"UD_Hindi-HDTB"
"lowerAsymptote_Intercept82",0.743782615454501,0.00151218733141061,0.740776397193671,0.746617203114117,"UD_Hindi-HDTB"
"growthRate_Intercept82",0.00015698491271952,2.53187020236871e-06,0.000152155087362516,0.000162014213274534,"UD_Hindi-HDTB"
"delta_Intercept82",0.520592261526691,0.00577023841717243,0.509479253146702,0.531956606432082,"UD_Hindi-HDTB"
"upperAsymptote_Intercept83",0.971558744680793,0.000403930887250527,0.970799248590191,0.972355804338466,"UD_Portuguese-Porttinari"
"lowerAsymptote_Intercept83",0.744851912035822,0.00168488401735804,0.741543820845728,0.748123942523937,"UD_Portuguese-Porttinari"
"growthRate_Intercept83",0.000182196743466116,3.14344896114756e-06,0.000176098873034882,0.000188463836225647,"UD_Portuguese-Porttinari"
"delta_Intercept83",0.515566582196289,0.00606928098009015,0.503668449743299,0.527462285428443,"UD_Portuguese-Porttinari"
"upperAsymptote_Intercept84",0.934378274033073,0.000754707216871885,0.93289983426996,0.935885080567344,"UD_Latvian-LVTB"
"lowerAsymptote_Intercept84",0.619962154099783,0.00242156515990945,0.615203448846085,0.624731172470433,"UD_Latvian-LVTB"
"growthRate_Intercept84",0.000134432335976191,2.38501158570516e-06,0.000129834214774318,0.000139132793338144,"UD_Latvian-LVTB"
"delta_Intercept84",0.521992426971051,0.00668743825372491,0.509070830473449,0.535567980049658,"UD_Latvian-LVTB"
"upperAsymptote_Intercept85",0.930605197427404,0.000744328780580266,0.929185263885106,0.932124635046568,"UD_German-GSD"
"lowerAsymptote_Intercept85",0.667009604387706,0.00255174918527128,0.662161968539242,0.67212101220468,"UD_German-GSD"
"growthRate_Intercept85",0.000213551238308083,5.50831690758011e-06,0.00020272844915189,0.000224621626540857,"UD_German-GSD"
"delta_Intercept85",0.448342528760465,0.00721394315935835,0.434248757427825,0.462458567928192,"UD_German-GSD"
"upperAsymptote_Intercept86",0.818997553602573,0.0285048378045112,0.783351632151334,0.869567930676683,"UD_Erzya-JR"
"lowerAsymptote_Intercept86",0.658812720267891,0.0391670192235131,0.574048535060643,0.740037295340623,"UD_Erzya-JR"
"growthRate_Intercept86",3.70790778311694,3.29543624045271,0.000316985173360694,9.66979134895958,"UD_Erzya-JR"
"delta_Intercept86",3.79909435329446,3.11933018404516,0.0847771678691441,9.62118424743375,"UD_Erzya-JR"
"upperAsymptote_Intercept87",0.956552271634696,0.000550681391330524,0.955497530588324,0.957665141796604,"UD_English-GUM"
"lowerAsymptote_Intercept87",0.728000136007187,0.00146112420449956,0.725077412126849,0.730900257293283,"UD_English-GUM"
"growthRate_Intercept87",0.000140765650384486,2.28582433674247e-06,0.000136400990056342,0.000145308750623203,"UD_English-GUM"
"delta_Intercept87",0.4700395544904,0.00522131816416392,0.459906657010103,0.480179457716064,"UD_English-GUM"
"upperAsymptote_Intercept88",0.946016972436713,0.00121180405901727,0.943770991079432,0.948543011406268,"UD_Greek-GUD"
"lowerAsymptote_Intercept88",0.802799195130031,0.0012271531826325,0.80038381927082,0.805221991021491,"UD_Greek-GUD"
"growthRate_Intercept88",0.000353726664747337,9.02396424333513e-06,0.000335537655223974,0.000371303532589835,"UD_Greek-GUD"
"delta_Intercept88",0.768055373055035,0.0190158919039538,0.730813373620233,0.804904770174672,"UD_Greek-GUD"
"upperAsymptote_Intercept89",0.963634216299779,0.000644234535728741,0.962387386396456,0.964907238400018,"UD_Polish-PDB"
"lowerAsymptote_Intercept89",0.680803489011268,0.00238191049038782,0.676129045635608,0.68543156518407,"UD_Polish-PDB"
"growthRate_Intercept89",0.00016723229194988,3.28653237894556e-06,0.000160810032485242,0.000173540184239174,"UD_Polish-PDB"
"delta_Intercept89",0.509995760030435,0.00692358891712248,0.496678640183906,0.523541362497136,"UD_Polish-PDB"
"upperAsymptote_Intercept90",0.971060679669889,0.000409167873750068,0.97026858438038,0.971877215887468,"UD_Serbian-SET"
"lowerAsymptote_Intercept90",0.723618727389226,0.00213554334142272,0.719434649773793,0.727816876659528,"UD_Serbian-SET"
"growthRate_Intercept90",0.000255291276692441,4.82855354562294e-06,0.000245831880039659,0.000264777753843813,"UD_Serbian-SET"
"delta_Intercept90",0.587701320919771,0.00826739796519328,0.571644531650803,0.603864978978615,"UD_Serbian-SET"
"upperAsymptote_Intercept91",0.95614035930502,0.000540748019970441,0.955085435211635,0.957222301547177,"UD_Belarusian-HSE"
"lowerAsymptote_Intercept91",0.688237441722021,0.00257355148221839,0.683231326406069,0.693402162989506,"UD_Belarusian-HSE"
"growthRate_Intercept91",0.000188593537517222,4.15095368835521e-06,0.000180409440765044,0.000196907663319399,"UD_Belarusian-HSE"
"delta_Intercept91",0.532520230922664,0.00777094489644969,0.518069383913175,0.548086269574439,"UD_Belarusian-HSE"
"upperAsymptote_Intercept92",0.967415746723393,0.00239754038068429,0.963120476199953,0.972652388607201,"UD_French-ParTUT"
"lowerAsymptote_Intercept92",0.789027560742793,0.00269207095952272,0.783639704782587,0.794205519066741,"UD_French-ParTUT"
"growthRate_Intercept92",0.000268028658831606,1.30761975911799e-05,0.000242451448932931,0.000293960733117027,"UD_French-ParTUT"
"delta_Intercept92",0.634337050368128,0.024919123039294,0.586749175471237,0.683688245603903,"UD_French-ParTUT"
"upperAsymptote_Intercept93",0.92587795817456,0.000416902891940264,0.925078511996015,0.926716881867869,"UD_Turkish-BOUN"
"lowerAsymptote_Intercept93",0.674321210172975,0.00165798918430195,0.671157951909936,0.677621517275931,"UD_Turkish-BOUN"
"growthRate_Intercept93",0.000129887349600584,1.80956049460889e-06,0.000126358168001793,0.00013349497248056,"UD_Turkish-BOUN"
"delta_Intercept93",0.572565705914897,0.00598761229534983,0.560989666475833,0.584399222174697,"UD_Turkish-BOUN"
"upperAsymptote_Intercept94",0.937857055546117,0.00105643626872372,0.935833994919552,0.940002488003974,"UD_Finnish-TDT"
"lowerAsymptote_Intercept94",0.618005111120422,0.00242514800514554,0.613252825254542,0.622626173187777,"UD_Finnish-TDT"
"growthRate_Intercept94",0.000120822852581777,2.37577436786556e-06,0.000116347736300026,0.000125572019857668,"UD_Finnish-TDT"
"delta_Intercept94",0.470294033814706,0.00630496256110907,0.45790565363028,0.482826780979477,"UD_Finnish-TDT"
"upperAsymptote_Intercept95",0.928525255601995,0.00178310691017183,0.925190046092868,0.932204247179919,"UD_Russian-Poetry"
"lowerAsymptote_Intercept95",0.694782765446694,0.00271660978903738,0.689454700733684,0.700154940726614,"UD_Russian-Poetry"
"growthRate_Intercept95",0.000181804581725897,5.91489424016412e-06,0.000170049539962371,0.000193632047923916,"UD_Russian-Poetry"
"delta_Intercept95",0.564778330815374,0.0143002247336218,0.537051100847412,0.59297290843663,"UD_Russian-Poetry"
"upperAsymptote_Intercept96",0.966744119533198,0.00149092534057309,0.964007221159031,0.969882172896184,"UD_Afrikaans-AfriBooms"
"lowerAsymptote_Intercept96",0.817783864180301,0.00116443121627412,0.815466211723773,0.820050138921005,"UD_Afrikaans-AfriBooms"
"growthRate_Intercept96",0.000162210824232978,5.38812705012778e-06,0.000151310881428254,0.000172554284910513,"UD_Afrikaans-AfriBooms"
"delta_Intercept96",0.589066985049632,0.012766140080639,0.563652530059859,0.614203626399903,"UD_Afrikaans-AfriBooms"
"upperAsymptote_Intercept97",0.945195970885218,0.000441801965662816,0.944332985193609,0.946064311980791,"UD_Japanese-GSD"
"lowerAsymptote_Intercept97",0.762950525933668,0.000870566558053252,0.761259682000104,0.764632516654711,"UD_Japanese-GSD"
"growthRate_Intercept97",7.73693867687942e-05,8.22840814627651e-07,7.57741018947583e-05,7.90310018321501e-05,"UD_Japanese-GSD"
"delta_Intercept97",0.555651663292376,0.00505756833942623,0.545823321511856,0.56564366323295,"UD_Japanese-GSD"
"upperAsymptote_Intercept98",0.935973879573995,0.00997809758810931,0.905412672029721,0.943980060901408,"UD_Indonesian-CSUI"
"lowerAsymptote_Intercept98",0.761560510462616,0.0159564360708637,0.729953643727989,0.805591964386451,"UD_Indonesian-CSUI"
"growthRate_Intercept98",0.172502984165549,1.0436478260519,0.000230338146566005,2.89706751196442,"UD_Indonesian-CSUI"
"delta_Intercept98",0.947369373529886,0.951082135093162,0.171426768552727,2.51306183783681,"UD_Indonesian-CSUI"
"upperAsymptote_Intercept99",0.949135501536736,0.000676865096134023,0.947844251890173,0.950468344599706,"UD_Scottish_Gaelic-ARCOSG"
"lowerAsymptote_Intercept99",0.708343348518639,0.00174275955563271,0.704893643053271,0.711796075835036,"UD_Scottish_Gaelic-ARCOSG"
"growthRate_Intercept99",0.00015349504361794,2.47156578002946e-06,0.000148693970958458,0.00015835356456679,"UD_Scottish_Gaelic-ARCOSG"
"delta_Intercept99",0.564914050463405,0.00756940142264208,0.550230032275583,0.580096168777103,"UD_Scottish_Gaelic-ARCOSG"
"upperAsymptote_Intercept100",0.9723045183584,0.000383411514385016,0.971570814018912,0.973071560913154,"UD_Czech-CAC"
"lowerAsymptote_Intercept100",0.703067312539918,0.00176570222776458,0.699621853880424,0.706612475392037,"UD_Czech-CAC"
"growthRate_Intercept100",0.000196728435389464,3.02014991627743e-06,0.000190932064654871,0.00020265857243543,"UD_Czech-CAC"
"delta_Intercept100",0.51141813109413,0.00519361393147336,0.50118992221107,0.521647201167583,"UD_Czech-CAC"
"upperAsymptote_Intercept101",0.979488440959432,0.000208508329844871,0.979077692126394,0.979902524635043,"UD_Turkish-Atis"
"lowerAsymptote_Intercept101",0.893094057784819,0.000733661447093804,0.891657120752588,0.894563503448583,"UD_Turkish-Atis"
"growthRate_Intercept101",0.000351651645658156,6.60802167404784e-06,0.000338686062102376,0.000364915098862553,"UD_Turkish-Atis"
"delta_Intercept101",0.652188635041852,0.0105532590989617,0.63213834407104,0.673564640073885,"UD_Turkish-Atis"
"upperAsymptote_Intercept102",0.963136967502086,0.000460023054690454,0.962238437049727,0.964033358746618,"UD_Czech-PDT"
"lowerAsymptote_Intercept102",0.660616432983547,0.00201034058056298,0.65669439960091,0.664508630268114,"UD_Czech-PDT"
"growthRate_Intercept102",0.000170415247766239,2.57566275321614e-06,0.000165405734287257,0.000175496241366939,"UD_Czech-PDT"
"delta_Intercept102",0.531995030884686,0.00557041211308926,0.521469169219361,0.543277962698176,"UD_Czech-PDT"
"upperAsymptote_Intercept103",0.947351167776847,0.000776886930895225,0.945865979785161,0.9488874120834,"UD_English-LinES"
"lowerAsymptote_Intercept103",0.749645345043626,0.00177546163128615,0.746218235869445,0.753212282633938,"UD_English-LinES"
"growthRate_Intercept103",0.000199661293232879,4.45629911905741e-06,0.000191107269394424,0.000208650852824951,"UD_English-LinES"
"delta_Intercept103",0.532629203264625,0.00919949929907972,0.515084859943783,0.550551817609676,"UD_English-LinES"
"upperAsymptote_Intercept104",0.814101633675296,0.0129492720177914,0.788702334906324,0.84028512700307,"UD_Tamil-TTB"
"lowerAsymptote_Intercept104",0.723552879455606,0.037952041757902,0.645462449871047,0.796659444476939,"UD_Tamil-TTB"
"growthRate_Intercept104",4.95834696823789,2.88430657899029,0.230756932348392,9.73448743795805,"UD_Tamil-TTB"
"delta_Intercept104",4.93196869603253,2.8935682652949,0.19127454022241,9.74699387943147,"UD_Tamil-TTB"
"upperAsymptote_Intercept105",0.916990668934792,0.00109501378842376,0.91492079612089,0.91917245156298,"UD_Slovak-SNK"
"lowerAsymptote_Intercept105",0.630351742816802,0.00230646159579078,0.625761577093065,0.634885610113029,"UD_Slovak-SNK"
"growthRate_Intercept105",0.000106168024483843,1.92843229127271e-06,0.000102425478038645,0.000109849427423713,"UD_Slovak-SNK"
"delta_Intercept105",0.572869433831139,0.00865385808023159,0.556107230364159,0.590003957359887,"UD_Slovak-SNK"
"upperAsymptote_Intercept106",0.898940294002715,0.00125834206927578,0.896521522892423,0.901424140160226,"UD_Korean-Kaist"
"lowerAsymptote_Intercept106",0.513118543379421,0.00241008563365352,0.508360879686039,0.517812824710184,"UD_Korean-Kaist"
"growthRate_Intercept106",8.78519834817562e-05,1.3858476085327e-06,8.51724905479239e-05,9.06144444687252e-05,"UD_Korean-Kaist"
"delta_Intercept106",0.515913951998224,0.00602423349642668,0.504117256570129,0.527568135975147,"UD_Korean-Kaist"
"upperAsymptote_Intercept107",0.953660772501884,0.00152569148896312,0.950857779208558,0.956810866278188,"UD_French-Rhapsodie"
"lowerAsymptote_Intercept107",0.800904611106647,0.00110479286586388,0.798720680067595,0.803074102137194,"UD_French-Rhapsodie"
"growthRate_Intercept107",0.000290855059085917,9.57172858648249e-06,0.000271832650726608,0.000309111572881108,"UD_French-Rhapsodie"
"delta_Intercept107",0.609702756019115,0.0140133864671746,0.582321289236964,0.637299253959606,"UD_French-Rhapsodie"
"upperAsymptote_Intercept108",0.953191931389666,0.00170837478114342,0.950073015862473,0.956819300099163,"UD_Japanese-GSDLUW"
"lowerAsymptote_Intercept108",0.749732178363867,0.00174855991040818,0.746228602569068,0.753160115512467,"UD_Japanese-GSDLUW"
"growthRate_Intercept108",6.24259619157383e-05,2.10393362479596e-06,5.82030827380571e-05,6.65019756812188e-05,"UD_Japanese-GSDLUW"
"delta_Intercept108",0.462462888097164,0.0088526398137984,0.44524783980235,0.479750198961957,"UD_Japanese-GSDLUW"
"upperAsymptote_Intercept109",0.895831620487202,0.024106598826397,0.865496322836224,0.937077559137985,"UD_Galician-TreeGal"
"lowerAsymptote_Intercept109",0.739958390605745,0.0373988642356589,0.662349807835453,0.818483685831801,"UD_Galician-TreeGal"
"growthRate_Intercept109",3.67929226064476,3.25144408232965,0.000237565542696872,9.67712184580873,"UD_Galician-TreeGal"
"delta_Intercept109",3.57937223165407,3.12507331028856,0.0741750010052952,9.54542188891157,"UD_Galician-TreeGal"
"upperAsymptote_Intercept110",0.955693421465264,0.000451277717581726,0.954828304145072,0.95659112085734,"UD_Persian-PerDT"
"lowerAsymptote_Intercept110",0.766451662979552,0.00108182859381995,0.764343057167557,0.768576572127952,"UD_Persian-PerDT"
"growthRate_Intercept110",0.000116600988327892,1.63501220230213e-06,0.000113377520412059,0.000119779036966168,"UD_Persian-PerDT"
"delta_Intercept110",0.496763495180705,0.00509228311472095,0.48689329538718,0.506936438787269,"UD_Persian-PerDT"
"upperAsymptote_Intercept111",0.989968032595648,0.000134739567904166,0.9897132404114,0.990238364086143,"UD_English-Atis"
"lowerAsymptote_Intercept111",0.909813175523414,0.000672322991505834,0.908502364810478,0.911139851457691,"UD_English-Atis"
"growthRate_Intercept111",0.000515328758971623,1.09592283524213e-05,0.000494146874310717,0.000537082949180399,"UD_English-Atis"
"delta_Intercept111",0.561051124255983,0.00901561689836222,0.543799439418115,0.57893487130568,"UD_English-Atis"
